{
  "hash": "fbab9c44",
  "configHash": "ab1fbf0f",
  "lockfileHash": "5b006384",
  "browserHash": "cf65979e",
  "optimized": {
    "@angular/common": {
      "src": "../../../../../../node_modules/@angular/common/fesm2022/common.mjs",
      "file": "@angular_common.js",
      "fileHash": "b7826650",
      "needsInterop": false
    },
    "@angular/common/http": {
      "src": "../../../../../../node_modules/@angular/common/fesm2022/http.mjs",
      "file": "@angular_common_http.js",
      "fileHash": "189fe4bd",
      "needsInterop": false
    },
    "@angular/core": {
      "src": "../../../../../../node_modules/@angular/core/fesm2022/core.mjs",
      "file": "@angular_core.js",
      "fileHash": "d31ca1c8",
      "needsInterop": false
    },
    "@angular/forms": {
      "src": "../../../../../../node_modules/@angular/forms/fesm2022/forms.mjs",
      "file": "@angular_forms.js",
      "fileHash": "f8ed57fb",
      "needsInterop": false
    },
    "@angular/platform-browser": {
      "src": "../../../../../../node_modules/@angular/platform-browser/fesm2022/platform-browser.mjs",
      "file": "@angular_platform-browser.js",
      "fileHash": "2f841569",
      "needsInterop": false
    },
    "@angular/router": {
      "src": "../../../../../../node_modules/@angular/router/fesm2022/router.mjs",
      "file": "@angular_router.js",
      "fileHash": "83929d45",
      "needsInterop": false
    }
  },
  "chunks": {
    "chunk-BOHUN6ZU": {
      "file": "chunk-BOHUN6ZU.js"
    },
    "chunk-TERKUIXC": {
      "file": "chunk-TERKUIXC.js"
    },
    "chunk-FLFGI5M5": {
      "file": "chunk-FLFGI5M5.js"
    },
    "chunk-SCS35AI4": {
      "file": "chunk-SCS35AI4.js"
    },
    "chunk-JEFORLLL": {
      "file": "chunk-JEFORLLL.js"
    }
  }
}